,title,company,salary,location,company_rating,description
0,"Data Scientist, Spotify Advertising",Spotify,,"Remote in New York, NY+12 locations",4.3,"Data, Research & Insights
Data Science
We work at the intersection of advertising and messaging technologies to connect millions of brands to billions of fans. As part of the Advertising team, we’re paving the way for a sustainable global Spotify business that allows even more creators to make a living off their art. Come join us and help build the platform that powers promotion at Spotify.
Location
New York or Remote Americas
Job type
Permanent
We are currently recruiting for a number of data science roles within the multidisciplinary Spotify Ads Insights team. We are looking for experienced and accomplished Data Scientists to join us at the Associate/Data Scientist level.
Our mission is to enable the product and business teams to meet their objectives through evidence based decision making and customer focus. As a data scientist in this group you will use the whole range of data science tools and capabilities to conduct analysis related to one or more of the following areas of focus:
User facing advertising product development
Client facing product development for advertisers and publishers
Platform and machine learning engineering performance
Product marketing
Sales and operation
Strategic research
What you'll do
Perform analyses on large sets of data to extract practical insights that will help drive product, platform and business decisions
Design and conduct A/B tests to drive iterative improvement to both user and advertiser metrics through efficient experimentation
Communicate data-driven insights and recommendations to key partners
Work closely with cross-functional teams of engineers, user researchers, product owners, designers and business decision makers who are passionate about Spotify’s success
Build lasting solutions to surface critical data and performance metrics
Help us develop our knowledge and practice around the development and evaluation ML driven and user focused products
Develop individually to continue to grow your impact, and help mentor peers
Who you are
You have experience in a similar data science role and a degree in science, computer science, statistics, economics, mathematics, or similar quantitative subject area.
Based on your experience and expertise we will match you to one of two levels during the interview process - Associate Data Scientist or Data Scientist. Associate roles are open to people in the beginning and early stages of their career.
Ideally you have experience working in an analytics role that focuses on improving internal decision making while working with one of - platform teams, ML functions, product teams, sales teams or marketing teams and have conducted A/B tests, defined metrics and delivered exploratory analyses.
You have the technical competence to perform more advanced analytics:Coding skills for analytics and data extraction (SQL, R, Python, Pandas)Data visualization (such as Tableau, D3, ggplot, Looker)
Experience performing analysis with large datasets
Strong understanding of statistics and machine learning
You value cross-disciplinary work and understand how to match qualitative research with your quantitative analysis.
You are capable of solving very loosely defined problems.
You are a communicative person that values building strong relationships with colleagues and collaborators and have the ability to explain complex topics in simple terms.
You are curious, exhibit a growth mindset and are excited by working on a constantly evolving team
Where you'll work
We are a distributed workforce enabling our band members to find a work mode that is best for them!
Where in the world? For this role, it can be within the Americas region in which we have a work location
Prefer an office to work from home instead? Not a problem! We have plenty of options for your working preferences. Find more information about our Work From Anywhere options here.
Working hours? We operate within the Eastern Standard time zone for collaboration
Our global benefits
Extensive learning opportunities, through our dedicated team, GreenHouse.
Flexible share incentives letting you choose how you share in our success.
Global parental leave, six months off - fully paid - for all new parents.
All The Feels, our employee assistance program and self-care hub.
Flexible public holidays, swap days off according to your values and beliefs.
Spotify On Tour, join your colleagues on trips to industry festivals and events.
Learn about life at Spotify
Spotify is an equal opportunity employer. You are welcome at Spotify for who you are, no matter where you come from, what you look like, or what’s playing in your headphones. Our platform is for everyone, and so is our workplace. The more voices we have represented and amplified in our business, the more we will all thrive, contribute, and be forward-thinking! So bring us your personal experience, your perspectives, and your background. It’s in our differences that we will find the power to keep revolutionizing the way the world listens.
Spotify transformed music listening forever when we launched in 2008. Our mission is to unlock the potential of human creativity by giving a million creative artists the opportunity to live off their art and billions of fans the chance to enjoy and be passionate about these creators. Everything we do is driven by our love for music and podcasting. Today, we are the world’s most popular audio streaming subscription service with a community of more than 381 million users.
Global COVID and Vaccination Disclosure
Spotify is committed to safety and well-being of our employees, vendors and clients. We are following regional guidelines mandating vaccination and testing requirements, including those requiring vaccinations and testing for in-person roles and event attendance. For the US, we have mandated that all employees and contractors be fully vaccinated in order to work in our offices and externally with any third-parties. For all other locations, we strongly encourage our employees to get vaccinated and also follow local COVID and safety protocols."
1,Junior Data Scientist (NYC or Remote),ViacomCBS,,"Remote in New York, NY+1 location",3.9,"ViacomCBS (NASDAQ:
VIAC; VIACA) is a leading global media and entertainment company that creates premium content and experiences for audiences worldwide. Driven by iconic consumer brands, its portfolio includes CBS, Showtime Networks, Paramount Pictures, Nickelodeon, MTV, Comedy Central, BET, Paramount+, Pluto TV and Simon & Schuster, among others. The company delivers the largest share of the U.S. television audience and boasts one of the industry's most important and extensive libraries of TV and film titles. In addition to offering innovative streaming services and digital video products, ViacomCBS provides powerful capabilities in production, distribution and advertising solutions for partners on five continents.
Are you passionate about using data to help drive insights in media and entertainment? ViacomCBS is looking for a Jr. Data Scientist who is excited work on some of the hottest topics in media technology today: big data, data visualization, modeling, machine learning, and most importantly, the translation of data into new products, tools, and insights. Come join the Data & Decision Sciences Group - a team of data scientists, data engineers, and full stack developers who are using the latest technology to understand our content and audiences. Our ideal candidate is a motivated data scientist who is excited to support ViacomCBS's data strategy by helping to build products for researchers across our core brands including CBS, Nickelodeon, MTV, Comedy Central, Paramount, VH1, BET, Pluto TV, and more!
You will work with a wide range of data sets (metered measurement data, syndicated data, survey data, streaming platform data) to mine, analyze, forecast, segment, predict, and ultimately drive insights and build new data delivery tools. You will also gain media industry experience by understanding both ViacomCBS's business needs and existing data assets in order to connect the dots and build innovative and interactive data solutions. Example projects include but are not limited to:
Developing products and tools that allow for easier access to all data and flexible and real time reporting.
Aggregating viewing data to create predictive models for audience growth, programming opportunity, and optimal marketing plans.
Creating data maps and taxonomies from disparate data sets and the development of standardized KPIs/metrics for insights.
Crafting processes and techniques to effectively fuse custom survey data sets to viewing as well as fusing different measurement data sets together.
Construction of data pipelines and architecture to keep our products available and accurate for our stakeholders. Qualifications:
Qualifications:
Interest in one the following:
data science, statistics, big data, research (survey and measurement-based), data platform architecture, BI, data visualization, and data automation.
B.A. / B.S. (M.S. or Ph.D. is a plus) in Statistics, Computer Science, Mathematics, Social Sciences, Physics, Computational Biology, Sociology, Cognitive Science, or another quantitative field.
Expertise in Python, R or SQL.
Experience with statistical techniques, modeling, and machine learning.
Interest in creating, building, and architecting data dashboards and platforms in cloud environments.
ViacomCBS is an equal opportunity employer (EOE) including disability/vet.
At ViacomCBS, the spirit of inclusion feeds into everything that we do, on-screen and off. From the programming and movies we create to employee benefits/programs and social impact outreach initiatives, we believe that opportunity, access, resources and rewards should be available to and for the benefit of all. ViacomCBS is proud to be an equal opportunity workplace and is an affirmative action employer. We are committed to equal employment opportunity regardless of race, color, ethnicity, ancestry, religion, creed, sex, national origin, sexual orientation, age, citizenship status, marital status, disability, gender identity, gender expression, and Veteran status.
If you are a qualified individual with a disability or a disabled veteran, you may request a reasonable accommodation if you are unable or limited in your ability to use or access. https://www.viacomcbs.com/careers as a result of your disability. You can request reasonable accommodations by calling
212.846.5500
or by sending an email to viacomaccommodations@viacom.com. Only messages left for this purpose will be returned."
2,"Data Scientist, TikTok Creation and Consumption",TikTok,,"San Francisco, CA+34 locations",3.5,"TikTok is the leading destination for short-form mobile video. Our mission is to inspire creativity and bring joy. TikTok has global offices including Los Angeles, New York, London, Paris, Berlin, Dubai, Mumbai, Singapore, Jakarta, Seoul and Tokyo.
We are looking for seasoned data scientists with strong analytics background that can help drive informed business decisions for TikTok. You will be tasked to work on our core products for the TikTok Content Creation and Consumption team which includes content creation, consumption, open platform, and foundation.
You'll have the opportunity to work with large-scale data sets and turn your insights into real products. You'll be an integral part in how we understand user behavior, identify and recommend product opportunities, which are all critical to how we can scale our ever-growing user base within the TikTok community. You will also partner closely with our product and engineering teams in a high-impact and fast-paced environment.
As a Data Scientist for our TikTok Creation and Consumption team, you will:
Conduct quantitative analysis on specific areas around content creation and consumption, identify product opportunities, and further provide optimization suggestions.
Work with the product and engineering team to size the potential impact of ""problems-to-solve"" for our business.
Develop comprehensive product metrics and quantitative measurement structure based on product stages and business purposes.
Measure and visualize the effectiveness of product updates.
3+ years of industry experience in data science, conducting quantitative analysis and implementing data science solutions
BA/BS in Computer Science, Math, Physics, Engineering, Statistics, or other technical fields. Advanced degrees preferred.
Fluency in SQL or other programming languages. Some development experience in at least one scripting language (PHP, Python, Perl, etc.).
Ability to initiate and drive projects to completion with minimal guidance.
The ability to communicate the results of analyses in a clear and effective manner.
Basic understanding of statistical analysis.
TikTok is committed to creating an inclusive space where employees are valued for their skills, experiences, and unique perspectives. Our platform connects people from across the globe and so does our workplace. At TikTok, our mission is to inspire creativity and bring joy. To achieve that goal, we are committed to celebrating our diverse voices and to creating an environment that reflects the many communities we reach. We believe individuals shouldn't be disadvantaged because of their background or identity, but instead should be considered based on their strengths and experience. We are passionate about this and hope you are too.
TikTok is committed to providing reasonable accommodations during our recruitment process. If you need assistance or an accommodation, please reach out to us at USRC@tiktok.com"
3,Data Scientist- RAFP,Government of the District of Columbia,"$89,457 - $115,262 a year","Washington, DC 20005 (Downtown area)+1 location",3.6,"A term appointment can last from 13 months and can be extended up to four years, but cannot exceed the termination date and is subject to funding availability.
This position is located in the Risk Assessment and Future Planning (RAFP) Division within the District of Columbia Office of the Inspector General (OIG), an organization that conducts audits, inspections, and investigations of government programs and operations. The OIG's mission is to promoting economy, efficiency, and effectiveness and to detect and deter fraud, waste, and abuse in government programs and operations.
This position within the OIG's OGC will directly support the OIG's oversight of the District of Columbia's $3.3 billion in Corona Virus Aid, Relief, and Economic Security Act (CARES) and the American Rescue Plan Act (ARPA) Congressional appropriations. CARES and ARPA funds are available through Fiscal Year 2024.
Duties and Responsibilities
The incumbent serves as an expert Data Scientist for the Data Analysis Unit and is responsible for independently designing and developing data-based solutions to complex analysis and projects in support of a wide variety of investigations, audits, and evaluations.
The incumbent develops scripts, queries, or software code to accomplish specific requirements or tasks. Designs, builds, and tests data models, algorithms, and predictive models. Supplies complex tools and mathematical algorithms to identify unusual patterns and other indications of fraudulent activity.
Manipulates, manages, queries, analyzes, and summarizes data from open source, law enforcement, District, and OIG data sources into cohesive reports in support of investigations, audits, and inspections of fraud, waste, and abuse. Data may come in the form of a database, financial records, expense reports, emails, and other formats.
Qualifications and Education
Applicants must possess (1) year of specialized experience that has equipped the applicant with the particular knowledge, skills and abilities to perform the duties of the position successfully, and that is typically in or related to the position to be filled. To be credible, Specialized Experience must be equivalent to at least the next lower grade level. Examples of specialized experience for this position include: data science experience; experience in a science, technology, engineering or mathematics (STEM) related field, such as: computational social science, computer science, data analytics, economics, engineering, mathematics, statistics, etc.
Licensure/Certification
None Required
Working Environment
Work is typically performed in an office setting (or cubicle), and the work area is adequately lighted, heated, and ventilated. The work is primarily sedentary, although some slight physical effort may be required. The work may involve visits to other buildings or offices and requires periods of standing, bending, stooping, and carrying of light items.
Other Significant Facts
Promotion Potential: No known Promotional Potential
Duration of Appointment: Term – NTE 4 years
Pay Plan, Series and Grade: CS-0101-13
Collective Bargaining: This position is not in the Collective Bargaining Unit
Position Designation: Security Sensitive under the guidelines of the DC Personnel Manual. Incumbents of this position are subject to enhanced suitability screening pursuant to Chapter 4 of DC personnel regulations and are subject to the following checks and test:
When applying for DC OIG positions, please ensure you check your spam folder after the closing date. Information regarding interviews will be sent via the OIG Recruitment email box. OIG reserves the right to deny interviews after dates have been identified and interviews conclude.
COVID-19 Vaccination
:
All employees of the District of Columbia must be vaccinated against the Coronavirus disease 2019 (SARS-CoV-2) as a condition of employment.
The District of Columbia Government does not discriminate in employment on the basis of race, color, religion, sex including pregnancy and gender identity), national origin, political affiliation, sexual orientation, marital status, disability, genetic information, age, membership in an employee organization, retaliation, parental status, military service, or other non-merit factor.
""If the position you are applying for is in the Career, Management Supervisory, or Educational Service at an annual salary of one hundred fifty thousand dollars ($150,000) or more, you must establish residency in the District of Columbia within one hundred eighty (180) days of the effective date of the appointment and continue to maintain residency within the District of Columbia throughout the duration of the appointment.""
Submission of a resume alone is NOT a complete application. This position may require the completion of additional form/s and/or supplemental materials. Failure to provide the required information and/or materials will result in your application not being considered for employment."
4,"Data Scientist, Game Analytics & Strategy",the NBA,,"New York, NY 10022 (Midtown area)+1 location",4.2,"At the NBA, we’re passionate about growing and celebrating the game of basketball. Through the intensity of the game and the amazing athletic skill of our players, we deliver excitement to hundreds of millions of fans around the world. As a global sports and media business, the NBA is so much more. While Basketball Operations runs the league’s on-court activities, other departments manage relationships with television and digital media partners, develop marketing partnerships with some of the world’s most recognizable companies, oversee the licensing of NBA merchandise, and handle a wide range of responsibilities that drive the NBA’s success.
The NBA is committed to providing a safe and healthy workplace. To safeguard our employees and their families, our visitors and the broader community from COVID-19, and in consideration of recommendations from health authorities and the NBA’s own advisors, any individual working onsite in our New York and New Jersey offices must be fully vaccinated against COVID-19. The NBA will discuss accommodations for individuals who cannot be vaccinated due to a medical reason or sincerely held religious belief, practice, or observance.
Position Summary:
At the NBA, we're passionate about growing and celebrating the game of basketball. Through the intensity of the game and the amazing athletic skill of our players, we deliver excitement to hundreds of millions of fans around the world. As a global sports and media business, the NBA is so much more. While Basketball Operations runs the league's on-court activities, other departments manage relationships with television and digital media partners, develop marketing partnerships with some of the world's most recognizable companies, oversee the licensing of NBA merchandise, and handle a wide range of responsibilities that drive the NBA's success. The Data Scientist will support the Senior Vice President, Game Analytics & Strategy in analyzing, maintaining, and presenting data to support various decisions. This role also will assist in selecting new initiatives and executing long-term projects aligned with the goals of the Game Analytics & Strategy group. You will be responsible for designing and performing rigorous statistical analysis and visualizations in support of league operations decision-making; focusing on referee performance, rule changes, game play and any other questions related to cross-departmental initiatives when needed, such as player health and performance.
Major Responsibility:
Generate ideas and innovate analytics to support the Game Analytics & Strategy group
Responsibilities include, among other things, collaborating on research for both ongoing and case- by-case studies, planning and/or conducting statistical analysis, developing material for internal and external dissemination, and presenting research findings
Perform exploratory analysis of new data sources to assess data quality and applicability in decision-making
Produce stats-based reporting
Craft professional-looking presentations and reports to effectively communicate statistical findings
Help design procedures to maintain data integrity
Required Skills/Knowledge:
Experienced understanding of advanced methods used to analyze basketball statistics
A real passion for analytical work in sports. Ability to maintain the highest level of confidentiality
Applied knowledge of statistical regression methods
Supervised and unsupervised learning techniques in machine learning (e.g. dimensionality reduction and clustering)
Experience with a database management language (e.g. SQL) as well as scripting languages (e.g. R or Python)
Experience working with data visualization tools (e.g. Shiny or Tableau)
Experience deploying and maintaining projects in production
Ability to work independently, effectively and efficiently with high-levels of curiosity and detail
Excellent technical writer and communicator with an eye for detail
Handle changing priorities in a dynamic, fast-paced environment
Creative and innovative thinker with excellent written, and interpersonal skills
Preferable: minimum of 3 - 5 years of professional work experience in a business environment, ideally in roles that have relied heavily on technical, communication and presentation skills, or commensurate experience (i.e. graduate level work, particularly in statistics or computer science)
Education:
Bachelor's Degree Required; Major in Mathematics, Statistics, Econometrics or related discipline or Master's Degree are preferred
We Consider Applicants For All Positions On The Basis Of Merit, Qualifications And Business Needs, And Without Regard To Race, Color, National Origin, Religion, Sex, Gender Identity, Age, Disability, Alienage Or Citizenship Status, Ancestry, Marital Status, Creed, Genetic Predisposition Or Carrier Status, Sexual Orientation, Veteran Status, Familial Status, Status As A Victim Of Domestic Violence Or Any Other Status Or Characteristic Protected By Applicable Federal, State, Or Local Law."
5,Data Scientist,The Coca-Cola Company,,"Plano, TX 75024+1 location",3.9,"About Enterprise Data and Analytics:
The Data and Analytics (DnA) Services organization is transforming how Coca-Cola leverages data across the entire company. We passionately develop and scale leading data capabilities for Coca-Cola, driving growth and delighting consumers through innovation and agile, insight-led decision making.
Job Description Summary:
You will play a critical role in the growing Data Science Services team in DnA, where you will be responsible for developing advanced analytics and machine learning models across domains including: marketing, supply chain optimization, forecasting, digital transformation, and food and beverage science. You will work closely with IT partners, process owners and business stakeholders to deliver impactful data science solutions at significant scale. You will have the opportunity to do your best work every day and deliver disruptive innovation by tapping into new datasets, leveraging the latest cloud technologies, and being supported by a robust analytics and IT organization.
Tasks:
Partner with business and technical stakeholders across the organization to translate challenging business problems into impactful data science solutions
Collaborate with data engineers, data stewards, product owners and business users to lead projects through the end-to-end data science lifecycle, including: data wrangling, exploratory analysis, hypothesis testing, modeling, rapid prototyping, business validation/testing, and operational deployment
Apply a variety of advanced analytical techniques, including: predictive modeling, machine learning, time series analysis, simulation and optimization
Leverage a diverse set of large structured and unstructured data to derive meaningful insights and information sets for modeling
Communicate complex analytical work to a variety of technical and non-technical stakeholders
Maintain expertise and awareness of emerging data science techniques, technologies and potential business applications for ML/AI
Build and maintain a robust library of data science solutions, reusable templates, algorithms and supporting code
Minimum Requirements:
Master’s degree in an analytical field such as Data Science, Computer Science, Applied Mathematics, or Operations Research. 5 additional years of related experience beyond the minimum required may be substituted in lieu of a degree.
1+ years working as a data scientist developing, optimizing and deploying production models
Working experience applying a range of statistical and modeling techniques including hypothesis testing, dimensionality reduction, supervised learning (classification and regression), forecasting, and unsupervised clustering
Working experience in scripting and programming with Python and SQL
Working experience in large-scale data wrangling with relational databases and/or Spark
Experience gathering, interpreting and translating business requirements
Strong aptitude for learning and applying new technologies related to Data Science and Data Management
Demonstrated ability to communicate complex analytical concepts and results at multiple levels to both technical and non-technical audiences
Experience with code version control platforms like GitHub, GitLab or Azure DevOps
Preferred Experience:
Experience with Natural Language Processing (NLP) problems such as text classification and named-entity recognition
Experience with the Microsoft Azure analytics stack (Cosmos DB, Azure Synapse, Azure ML, Databricks)
Experience with Model Risk Management and Responsible AI
Experience working in the CPG industry
Our Purpose and Growth Culture:
We are taking deliberate action to nurture an inclusive culture that is grounded in our company purpose, to refresh the world and make a difference. We act with a growth mindset, take an expansive approach to what’s possible and believe in continuous learning to improve our business and ourselves. We focus on four key behaviors – curious, empowered, inclusive and agile – and value how we work as much as what we achieve. We believe that our culture is one of the reasons our company continues to thrive after 130+ years. Visit Our Purpose and Vision to learn more about these behaviors and how you can bring them to life in your next role at Coca-Cola.
We are an Equal Opportunity Employer and do not discriminate against any employee or applicant for employment because of race, color, sex, age, national origin, religion, sexual orientation, gender identity and/or expression, status as a veteran, and basis of disability or any other federal, state or local protected class. When we collect your personal information as part of a job application or offer of employment, we do so in accordance with industry standards and best practices and in compliance with applicable privacy laws."
6,Data Scientist,ViaSat,,"Remote in Tempe, AZ+1 location",3.7,"One team. Global challenges. Infinite opportunities. At Viasat, we’re on a mission to deliver connections with the capacity to change the world. For more than 35 years, Viasat has helped shape how consumers, businesses, governments and militaries around the globe communicate. We’re looking for people who think big, act fearlessly, and create an inclusive environment that drives positive impact to join our team.
Job Responsibilities
As a Data Scientist, you will be part of a diverse team of engineers developing next-generation, vertically coordinated products and services at Viasat. You will develop new, novel algorithms and techniques for analyzing complex data sets collected during Viasat’s product and service lifecycles. You will be responsible for defining and developing models that produce new inferences and enable action by adjacent teams. You will work with software engineers to build new tools, libraries, and services that can expand Viasat’s ability to understand complex data sets. You will be part of a growing team developing cloud-based solutions for tackling problems found at the cutting edge of technological development.
On this team, you’ll build a breadth of knowledge including distributed systems, predictive analytics, and machine learning. You will craft, develop, and deploy analytic pipelines to answer questions across multiple business areas and disciplines for Viasat’s broad but vertically coordinated products. We encourage learning through immersion, collaboration and action. We value adaptability and curiosity. Our ideal candidate is someone passionate about solving tough problems using data and loves doing so.
As a Data Scientist, you will contribute with:
Analytics: Architect, design, and build data analysis pipelines working with large and complex data sets to supervise and analyze metrics
Inference: Use statistical tools to craft experiments and determine causality
Algorithms: Design and build predictive and decision-making algorithms for various business needs
Data engineering: Transforming and understanding data from many systems
Requirements
BS in a data related field such as mathematics, computer science, engineering, physics
1+ years’ proven experience in this or a similar role
Good understanding of several statistical and machine learning models
Experience with software development in languages such as R, Python, or Matlab
U.S. Citizenship
Required Travel up to 10%
Preferences
Experience working with data collected as part of experimental/theoretical sciences or testing
Viasat is proud to be an equal opportunity employer, seeking to create a welcoming and diverse environment. All qualified applicants will receive consideration for employment without regard to race, color, religion, gender, gender identity or expression, sexual orientation, national origin, ancestry, physical or mental disability, medical condition, marital status, genetics, age, or veteran status or any other applicable legally protected status or characteristic."
7,Data Scientist (Remote),Aimpoint Digital,,"Remote in New York, NY+3 locations",,"What you will do
Data science consulting is an integral and rapidly growing part of our firm's offerings; we are seeking a talented, self-starting data scientist to help our efforts in both business-facing data science and machine learning engineering. At Aimpoint Digital, you will augment talented data science teams, build cutting-edge models, and make impactful recommendations in a fast and dynamically changing environment.
Who we are looking for
We are looking for data scientists who want to make an impact on businesses by building deployable models to generate valuable insights.
Self-starter with excellent communication skills, able to work independently with little direction
MSc/PhD in a STEM related field
Experience with classification and regression techniques are required
Experience with time series analysis and optimization are preferred
Advanced experience in Python, R, MATLAB, Spark/PySpark, SQL, and/or other related programming languages
Comfort using tensorflow/pytorch and learning networks in general
Automation experience preferred (Sagemaker/AWS as examples)
Docker experience is nice to have
Willingness to be a part of a fast-growing team and a desire to learn
We are actively considering applicants that are fully remote within the US.
Job Type: Full-time"
8,Data Scientist,Mars,,"Chicago, IL+2 locations",3.9,"[Insert short summary of role – approximately 1 paragraph]
What are we looking for?
Insert bulleted list of 2-4 most essential requirements- can also include here 1-3 'nice-to-haves', that are identified as non-essential
What will be your key responsibilities?
[Insert list of top 4 key responsibilities for the role]
What can you expect from Mars?
Work with over 130,000 like-minded and talented Associates, all guided by The Five Principles.
Join a purpose driven company, where we’re striving to build the world we want tomorrow, today.
Best-in-class learning and development support from day one, including access to our in-house Mars University.
An industry competitive salary and benefits package, including company bonus."
9,Junior Data Scientist - BAM Elevate,Balyasny,,"New York, NY",4.1,"Balyasny Asset Management is seeking a Junior Data Scientist for BAM Elevate, our private investments division. In this position you will take ownership of the alternative data, and be involved during every phase of the process, including coming up with potential data ideas to investigate, building out processes to capture new data, and providing recommendations/interpretations of the data.
The right candidate will be equipped with skills that allow them to be self-sufficient in the process of finding data sources, performing ETL, analyzing and then presenting data results to their team. The role requires a high degree of autonomy during the research, planning and execution phases, therefore the candidate must be a self-starter with an entrepreneurial mind-set and have
exceptional
problem solving skills.
RESPONSIBILITIES
Passionate about building predictive models and other analytic solutions
Apply statistical and machine learning methods to analyze large, complex data sets
Collaborate with investment staff to brainstorm creative uses for data in the investment process
Conduct research autonomously to learn where data exists and how it can be retrieved and analyzed in order to help build investment theses
Collaborate with data strategy team to discover new sources that can be beneficial
Collaborate with other data scientists, data analysts, quantitative researchers, and engineers to share ideas within the broader data organization
Build scripts that will improve our proprietary data evaluation process by making it more flexible or scalable across data sets
Design, develop, and deploy scripts and processes to connect various data sources (e.g. web, vendor data, and unstructured data)
Pinpoint trends, correlations and patterns in complicated data sets to provide custom solutions to management
QUALIFICATIONS & REQUIREMENTS
Bachelors or advanced degree in Computer Science, Engineering, Mathematics, Statistics or a related field
1+ years of experience in Data Science
Expertise with Python and SQL
Experience with Spark/Hive/Databricks/Snowflake and cloud technologies (AWS/Azure/Google Cloud)
Experience in building models and deploying to production
Experience with Tableau or other BI/data visualization tools a plus
Experience mentoring and managing others a plus
Ability to explain technical concepts (programming/databases/stats) to non-technical audiences
Ability to make recommendations when faced with imperfect information
Strong client service and proactive mindset
Strong oral and written communication skills, most importantly, must be a team player
Ability to build a sense of trust and rapport that creates a comfortable and effective workplace
Prior experience in the investment management industry not necessary but preferred
Job Type: Full-time"
10,Green Energy Data Scientist,Piper Companies,"$110,000 - $140,000 a year",+3 locationsRemote,4.5,"Piper Companies is seeking a Green Energy Data Scientist for a growing organization based on the East Coast. The Data Scientist will need to work EST hours and is a fully remote role. The Green Energy Data Scientist will be joining a team building an industry changing product that has had a very successful launch into the market. A successful candidate for the Green Energy Data Scientist role will have a passion in green energy and have an interest in working on object detection technology.
Responsibilities for the Green Energy Data Scientist include:
Develop, maintain, and execute advanced statistical and machine learning techniques to solve complex data problems and initiatives
Ensure the models and statistical tests are reusable and modular
Communicate effectively with technical and non technical audiences
Teach and mentor other data scientists on the team
Requirements for the Green Energy Data Scientist include:
Passion about green energy!!
2+ years of experience in data science, software engineering, analytics, and/or data production
Demonstratable expertise building and supporting machine learning models deployed to production
Strong experience programming in Python and/or R
Object detection experience is a big plus
Experience with SQL
Strong verbal and written communication skills and the ability to work with business stakeholders
Bachelor’s Degree in Computer Science, Computer Engineering, Analytics, Math, Physics, Finance, Economics
Compensation of the Green Energy Data Scientist:
$110,000 – $140,000 annually with a full comprehensive benefits package
No relocation assistance, sponsorship, or C2C arrangements available"
11,"data scientist (multiple openings) - Seattle, WA",Starbucks,,"Hybrid remote in Seattle, WA+2 locations",4.0,"Job Posting
: Jan 13, 2022
Job Posting End Date
: Feb 13, 2022
Location
: US-WA-Seattle-Starbucks Support Center
Is this role eligible for remote or hybrid work? : Yes-Hybrid
Starbucks - Data Analytics
Now Brewing – Data Scientist! #tobeapartner
From the beginning, Starbucks set out to be a different kind of company. One that not only celebrated coffee and the rich tradition, but that also brought a feeling of connection. We are known for developing extraordinary leaders who share this passion and are guided by their service to others.
The data scientist will initially support COVID response at Starbucks. In this role you will leverage statistical analysis, forecasting methods, product development, data visualization, and storytelling. Day-to-day work will balance working as part of an enterprise-wide, cross-functional COVID response team, as well as evolving long-term infrastructure and resources that increase operational resiliency over time.
As a data scientist, you will…
Extract and transform data from multiple sources in preparation for exploratory data analysis, modeling, and reporting.
Leverage predictive and inferential advanced statistical and machine learning techniques to solve business problems, including methods to surface uncertainty intervals to provide increased context.
Transform model outputs into formats that are digestible to the end users through visualization, clear tables, and/or thoughtful presentations. Assist technical and non-technical end users in how to leverage and interpret the analysis.
We’d love to hear from people with:
Education: BS+ with concentration in quantitative discipline - Stats, Math, Comp Sci, Engineering, Econ, Quantitative Social Science, or similar discipline
Minimum of 3+ years industry experience in data science
Strong background working with predictive and statistical modeling, machine learning and strong expertise in all phases of the modeling pipeline
Experience building complex data sets from multiple data sources, both internally and externally.
Strong SQL, database and ETL skills required including cleaning and managing data.
Advanced competency and expertise in Python, R or some combination
Ability to apply knowledge of multidisciplinary business principles and practices to achieve successful outcomes in cross-functional projects and activities
Ability to educate others on statistical / machine learning methods
Self-starter, attention to details and results orientated, able to work under minimal guidance.
Proficient in communicating effectively with both technical and nontechnical stakeholders.
Experience on Cloud platforms such as Azure, AWS, preferred
Join us and be part of something bigger. Apply today!"
12,Junior Data Scientist Apprentice,IBM,,"San Jose, CA 95101 (North Valley area)",3.9,"Introduction
As a Junior Data Scientist at IBM, you will work as part of a team to solve business-related problems using data-driven techniques. You will apply the scientific method to business scenarios, clean and prepare data for statistical and machine learning modeling, work with a variety of analytical algorithms to build models that better explain data relationships and predict potential scenarios, translate data insights into business value, and communicate results to difference audiences. You will also master different technologies for model deployment.
Your Role and Responsibilities
Throughout your apprenticeship, you’ll work closely with other experienced data scientists and mentors in an interactive, collaborative environment. You’ll learn the fundamentals of probability, statistics, linear algebra, data preparation, data modeling, and deployment of machine learning models. In addition, you will be introduced to additional concepts, skills and tools including Python, Hadoop, and Spark, presentation skills, communication skills, and you will apply these skills to prepare for and successfully obtain data science experience that may lead to certification as a Junior Data Scientist. IBM Certification as a Junior Data Scientist provides the credentials and career milestone that is earned through demonstrated usage of Data Science tools and methodology through case studies, business references and technical references. Our apprenticeship program will give you the opportunity to build your skills to grow your career as a Junior Data Scientist.
What is an Apprenticeship?
IBM Apprenticeship Program is an official registered apprenticeship recognized by the Department of Labor (DOL). Every graduate of a Registered Apprenticeship program receives a nationally-recognized credential from the DOL.
During the apprenticeship duration, you will be required to complete specific learning hours and on the job training that has been outlined to ensure you are developing the skills and competencies essential to the role. You will be able to learn and grow at your own pace, but we expect most apprentices will complete their learning within 24 months. Once you graduate and receive your certificate from our apprentice program, you will be eligible to apply to available full-time roles at IBM.
Who you are:
An apprenticeship is about learning. We’re seeking candidates who have the following requirements, but we know you’re just getting your career started, and we’re committed to helping you learn and grow. If you are a highly curious individual, with a passion for learning, and a love of mathematics and data, you’re exactly the type of candidate we’re looking for. Data scientists are inquisitive: exploring, asking questions, doing what if analysis, questioning existing assumptions and processes. They are analytically-minded, statistically and mathematically driven.
To be successful, you need:
Drive and eagerness to learn
Strong problem solving, critical thinking, organization, and communication skills
Ability to work independently and take initiative, as well as work collaboratively and contribute in a team environment as data science is a team sport
Ability to think analytically in solving problems
Curiosity, passion for learning, love for math, data, and analysis
What’s the experience?
As an apprentice, you'll join with other apprentices in a local cohort. You'll go through the program together, learning about IBM and the skills you'll be attaining throughout your apprenticeship. Then, you'll work with your managers and mentors to progress through your personal skills roadmap, learning and demonstrating new knowledge and competencies through hands-on application with your project teams. You'll complete milestones along the way, earning digital credentials to validate your skills, and will come back together with other apprentices to participate in on-going training and development focused on your professional and technical skills. Best of all, you are a contributing member of your team, putting forward ideas, taking on responsibilities and making choices about how you get the job done just like any other IBMer.
This position is not eligible for visa sponsorship.
Apprentices must be based in the work location(s) listed or willing to relocate at own expense. Relocation assistance is not available.
ncappx
Required Technical and Professional Expertise
Willingness to complete the requirements of the apprenticeship program
Some knowledge or experience in ONE or more of the following:
Java, JavaScript, PHP, C#, Objective-C, C/C++, Python, Ruby and/or functional languages (Haskell, Scala, F#, Clojure)
Preferred Technical and Professional Expertise
Python Programming knowledge
Advanced math and statistics coursework
About Business Unit
IBM’s Cloud and Cognitive software business is committed to bringing the power of IBM’s Cloud and Watson/AI technologies to life for our clients and ecosystem partners around the world. IBM provides you with the most comprehensive and consistent approach to development, security and operations across hybrid environments—with complete software solutions for business and IT operations, development, data science, security, and management. Our experts and software capabilities help organizations develop applications once and deploy them anywhere, integrate security across the breadth of their IT estate, and automate operations with management visibility. With IBM, you also have access to new skills and methods, governance and management approaches, and a deep ecosystem of industry experts and partners.
This job requires you to be fully COVID-19 vaccinated prior to your start date, where legally permissible. Proof of vaccination status will be required. If you are unable to be vaccinated due to medical, pregnancy or religious reasons, we offer accommodations in accordance with applicable law.
Your Life @ IBM
Are you craving to learn more? Prepared to solve some of the world's most unique challenges? And ready to shape the future for millions of people? If so, then it's time to join us, express your individuality, unleash your curiosity and discover new possibilities.
Every IBMer, and potential ones like yourself, has a voice, carves their own path, and uses their expertise to help co-create and add to our story. Together, we have the power to make meaningful change – to alter the fabric of our clients, of society and IBM itself, to create a truly positive impact and make the world work better for everyone.
It's time to define your career.
About IBM
IBM’s greatest invention is the IBMer. We believe that through the application of intelligence, reason and science, we can improve business, society and the human condition, bringing the power of an open hybrid cloud and AI strategy to life for our clients and partners around the world.
Restlessly reinventing since 1911, we are not only one of the largest corporate organizations in the world, we’re also one of the biggest technology and consulting employers, with many of the Fortune 50 companies relying on the IBM Cloud to run their business.
At IBM, we pride ourselves on being an early adopter of artificial intelligence, quantum computing and blockchain. Now it’s time for you to join us on our journey to being a responsible technology innovator and a force for good in the world.
Location Statement
IBM offers a competitive benefits program which may include medical, dental, vision, paid holidays, paid sick time, paid vacation, Employee Assistance Program (EAP), life insurance, IBM 401(k) Program and Employee Stock Purchase Plan.
IBM will not be providing visa sponsorship for this position now or in the future. Therefore, in order to be considered for this position, you must have the ability to work without a need for current or future visa sponsorship.
We consider qualified applicants with criminal histories, consistent with applicable law.
Being You @ IBM
IBM is committed to creating a diverse environment and is proud to be an equal opportunity employer. All qualified applicants will receive consideration for employment without regard to race, color, religion, gender, gender identity or expression, sexual orientation, national origin, genetics, pregnancy, disability, age, veteran status, or other characteristics. IBM is also committed to compliance with all fair employment practices regarding citizenship and immigration status."
13,Data Scientist,The Coca-Cola Company,,"Plano, TX 75024+1 location",3.9,"About Enterprise Data and Analytics:
The Data and Analytics (DnA) Services organization is transforming how Coca-Cola leverages data across the entire company. We passionately develop and scale leading data capabilities for Coca-Cola, driving growth and delighting consumers through innovation and agile, insight-led decision making.
Job Description Summary:
You will play a critical role in the growing Data Science Services team in DnA, where you will be responsible for developing advanced analytics and machine learning models across domains including: marketing, supply chain optimization, forecasting, digital transformation, and food and beverage science. You will work closely with IT partners, process owners and business stakeholders to deliver impactful data science solutions at significant scale. You will have the opportunity to do your best work every day and deliver disruptive innovation by tapping into new datasets, leveraging the latest cloud technologies, and being supported by a robust analytics and IT organization.
Tasks:
Partner with business and technical stakeholders across the organization to translate challenging business problems into impactful data science solutions
Collaborate with data engineers, data stewards, product owners and business users to lead projects through the end-to-end data science lifecycle, including: data wrangling, exploratory analysis, hypothesis testing, modeling, rapid prototyping, business validation/testing, and operational deployment
Apply a variety of advanced analytical techniques, including: predictive modeling, machine learning, time series analysis, simulation and optimization
Leverage a diverse set of large structured and unstructured data to derive meaningful insights and information sets for modeling
Communicate complex analytical work to a variety of technical and non-technical stakeholders
Maintain expertise and awareness of emerging data science techniques, technologies and potential business applications for ML/AI
Build and maintain a robust library of data science solutions, reusable templates, algorithms and supporting code
Minimum Requirements:
Master’s degree in an analytical field such as Data Science, Computer Science, Applied Mathematics, or Operations Research. 5 additional years of related experience beyond the minimum required may be substituted in lieu of a degree.
1+ years working as a data scientist developing, optimizing and deploying production models
Working experience applying a range of statistical and modeling techniques including hypothesis testing, dimensionality reduction, supervised learning (classification and regression), forecasting, and unsupervised clustering
Working experience in scripting and programming with Python and SQL
Working experience in large-scale data wrangling with relational databases and/or Spark
Experience gathering, interpreting and translating business requirements
Strong aptitude for learning and applying new technologies related to Data Science and Data Management
Demonstrated ability to communicate complex analytical concepts and results at multiple levels to both technical and non-technical audiences
Experience with code version control platforms like GitHub, GitLab or Azure DevOps
Preferred Experience:
Experience with Natural Language Processing (NLP) problems such as text classification and named-entity recognition
Experience with the Microsoft Azure analytics stack (Cosmos DB, Azure Synapse, Azure ML, Databricks)
Experience with Model Risk Management and Responsible AI
Experience working in the CPG industry
Our Purpose and Growth Culture:
We are taking deliberate action to nurture an inclusive culture that is grounded in our company purpose, to refresh the world and make a difference. We act with a growth mindset, take an expansive approach to what’s possible and believe in continuous learning to improve our business and ourselves. We focus on four key behaviors – curious, empowered, inclusive and agile – and value how we work as much as what we achieve. We believe that our culture is one of the reasons our company continues to thrive after 130+ years. Visit Our Purpose and Vision to learn more about these behaviors and how you can bring them to life in your next role at Coca-Cola.
We are an Equal Opportunity Employer and do not discriminate against any employee or applicant for employment because of race, color, sex, age, national origin, religion, sexual orientation, gender identity and/or expression, status as a veteran, and basis of disability or any other federal, state or local protected class. When we collect your personal information as part of a job application or offer of employment, we do so in accordance with industry standards and best practices and in compliance with applicable privacy laws."
14,Data Scientist and Analytics Specialist,Delta,,"Atlanta, GA+4 locations",4.2,"United States, Georgia, Atlanta
Product Management
01-Feb-2022
Ref #:
12468
LinkedIn Tag:
#LI-EAH How you'll help us Keep Climbing (overview & key responsibilities)
Do you enjoy translating data into actionable insights? Are you excited by the opportunity to help create new, personalized experiences at the world's best airline? Do you have a passion for creating and mining data, developing models, using statistical and visualization techniques, and helping leaders make data-driven decisions?
Deltas Mass Personalization Data Strategy and Analytics team is seeking a Data Scientist and Analytics Specialist to be responsible for conducting data analysis, creating analytical models and visualizations, and deriving insights that drive business decisions. The Data Scientist and Analytics Specialist will lead development of decision support tools by creating and integrating new customer-centric data sources and partnering with IT to create those data and tools.
The successful candidate will combine strong business acumen, technical skills, and understanding of Deltas customer journey to help drive decisions throughout the organization.
Primary Responsibilities :
Build Deltas customer data flywheel, working collaboratively across both Customer and Operational divisions to create new and reusable data-driven capabilities
Create and refine business intelligence solutions to inform data-driven business decisions, including developing data sets, queries, reports, dashboards that fit an evolving landscape
Deliver actionable insights to stakeholders using analytics visualization tools (i.e., Excel, Tableau, etc.) and, as needed, statistical and predictive modeling
Perform ad-hoc analysis and report results to leadership team
Standup analytics for Deltas new personalization experiences
Produce routine (weekly, monthly, etc.) performance reports as those experiences mature
Partner with IT to create enterprise-wide, customer and experience-centric data sets; act as the owner and subject matter expert of these new data sources What you need to succeed (minimum qualifications)
Bachelor's degree in Finance, Marketing, Business, Mathematics or related field or 1-3 years of relevant work experience required. Experience with data querying/modeling with SQL and with data visualization tools (e.g., Tableau) Must have superior analytical skills and be fluent in Microsoft Office software (Excel, Word, and PowerPoint). Must possess business acumen, analytical, oral, and written communication skills. Experience with analytic software tools such as SAS and Hyperion/Brio preferred. Candidate should be known for integrity, intelligence, and professional maturity Ability to deal with ambiguity in a fast-paced environment in a creative and innovation fashion Embraces diverse people, thinking and styles Consistently makes safety and security, of self and others, the priority Where permitted by applicable law, must have received or be willing to receive the COVID-19 vaccine by date of hire to be considered for U.S.-based job, if not currently employed by Delta Air Lines, Inc. What will give you a competitive edge (preferred qualifications)
At least 2+ years as a data engineer/scientist or related data-manipulation specialty with proven experience processing and creating insights from large data sets
Experience with at least one modern programming language (e.g., Python, Java, or R)
Knowledge of data modeling, data manipulation, and creating enterprise-wide data sets
Experience with statistical and predictive modeling
Master's degree and/or proven experience in data analytics, data science, or a related field strongly preferred. < Go back"
15,Data Scientist,Boston Children's Hospital,,"Boston, MA",4.1,"62470BR
Cardiology
Job Posting Description
The Data Scientist will be responsible for modeling complex scientific clinical data, discovering business/clinical/health insights and identifying opportunities through the use of statistical, algorithmic, mining, visualization, and machine learning techniques. In addition to advanced analytics skills, this role is also proficient at integrating and preparing large, varied datasets, architecting specialized databases and computing environment, and communicating results. Collaborate with colleagues from clinical, science, engineering and business backgrounds. Present proposals and results in a clear manner backed by data and coupled with actionable conclusions.
Principle Duties and Responsibilities:
Work on and create reports and interactive visualizations to fulfill requests using a variety of database and analytic technologies.
Participate in iterative discussions with a diverse community of users including clinicians, clinical researchers, and administrators, to assist with identifying their reporting needs.
Extract knowledge from the data gathered by various in-house digital health applications / databases and synthesize it to discover previously hidden insights that can provide a competitive advantage or address pressing business problems.
Lead an effort to establish a scalable and re-usable data science framework to handle heterogeneous data sources, and propose data analytical standards across projects.
Support the design, implementation, and maintenance of Extract, Transform, Load (ETL) processes to gather information from a variety of databases and datasets, including both internal and external sources.
Create and maintain content documentation, standard operating procedures and training materials.
Knowledge and Skills Required:
Work requires a Masters or PhD in a relevant field such as Computer Science, Machine Learning, or Data Science is strongly preferred. A minimum of 3-5 years relevant experience is required.
Experience with advanced analytics using Python and/or R languages.
Experience with building dynamic visualizations.
Specific experience with Tableau is a plus. Certifications are a plus.
Experience with SQL and familiarity with database models.
Experience with statistical / Machine Learning techniques through PyTorch or TensorFlow is a plus.
Capable of taking well-defined tasks and completing them in a reasonable time frame, and describing roadblocks and project status to technical lead and/or managers.
Strong analytical skills, with great attention to detail and accuracy.
Work requires communication skills in order to persuade and negotiate with others on important matters.
A strong focus on customer service.
Familiarity with Amazon AWS cloud platform and the tools and services it offers is a plus.
Experience working with EMR or healthcare data is a plus.
Clinical workflow/work experience is a plus.
Boston Children’s Hospital offers competitive compensation and unmatched benefits.
Status
Full-Time
Regular, Temporary, Per Diem
Regular
Standard Hours per Week
40
Office/Site Location
Boston
Job Category
Clinical"
16,Junior Data Scientist,KesarWeb,"$52,112 - $108,892 a year","Oklahoma City, OK",,"We are looking for a Data Scientist to analyze large amounts of raw information to find patterns that will help improve our company. We will rely on you to build data products to extract valuable business insights.
In this role, you should be highly analytical with a knack for analysis, math and statistics. Critical thinking and problem-solving skills are essential for interpreting data. We also want to see a passion for machine-learning and research.
Your goal will be to help our company analyze trends to make better decisions.
Responsibilities
Identify valuable data sources and automate collection processes
Undertake preprocessing of structured and unstructured data
Analyze large amounts of information to discover trends and patterns
Build predictive models and machine-learning algorithms
Combine models through ensemble modeling
Present information using data visualization techniques
Propose solutions and strategies to business challenges
Collaborate with engineering and product development teams
Requirements
Proven experience as a Data Scientist or Data Analyst
Experience in data mining
Understanding of machine-learning and operations research
Knowledge of R, SQL and Python; familiarity with Scala, Java or C++ is an asset
Experience using business intelligence tools (e.g. Tableau) and data frameworks (e.g. Hadoop)
Analytical mind and business acumen
Strong math skills (e.g. statistics, algebra)
Problem-solving aptitude
Excellent communication and presentation skills
BSc/BA in Computer Science, Engineering or relevant field; graduate degree in Data Science or other quantitative field is preferred
Job Type: Full-time
Pay: $52,112.00 - $108,892.00 per year
Schedule:
Monday to Friday
Education:
Master's (Preferred)
Experience:
Python: 1 year (Preferred)
SQL: 1 year (Preferred)
Work Remotely:
No"
17,Green Energy Data Scientist,Piper Companies,"$110,000 - $140,000 a year",+3 locationsRemote,4.5,"Piper Companies is seeking a Green Energy Data Scientist for a growing organization based on the East Coast. The Data Scientist will need to work EST hours and is a fully remote role. The Green Energy Data Scientist will be joining a team building an industry changing product that has had a very successful launch into the market. A successful candidate for the Green Energy Data Scientist role will have a passion in green energy and have an interest in working on object detection technology.
Responsibilities for the Green Energy Data Scientist include:
Develop, maintain, and execute advanced statistical and machine learning techniques to solve complex data problems and initiatives
Ensure the models and statistical tests are reusable and modular
Communicate effectively with technical and non technical audiences
Teach and mentor other data scientists on the team
Requirements for the Green Energy Data Scientist include:
Passion about green energy!!
2+ years of experience in data science, software engineering, analytics, and/or data production
Demonstratable expertise building and supporting machine learning models deployed to production
Strong experience programming in Python and/or R
Object detection experience is a big plus
Experience with SQL
Strong verbal and written communication skills and the ability to work with business stakeholders
Bachelor’s Degree in Computer Science, Computer Engineering, Analytics, Math, Physics, Finance, Economics
Compensation of the Green Energy Data Scientist:
$110,000 – $140,000 annually with a full comprehensive benefits package
No relocation assistance, sponsorship, or C2C arrangements available"
18,Junior Data Scientist - BAM Elevate,Balyasny,,"New York, NY",4.1,"Balyasny Asset Management is seeking a Junior Data Scientist for BAM Elevate, our private investments division. In this position you will take ownership of the alternative data, and be involved during every phase of the process, including coming up with potential data ideas to investigate, building out processes to capture new data, and providing recommendations/interpretations of the data.
The right candidate will be equipped with skills that allow them to be self-sufficient in the process of finding data sources, performing ETL, analyzing and then presenting data results to their team. The role requires a high degree of autonomy during the research, planning and execution phases, therefore the candidate must be a self-starter with an entrepreneurial mind-set and have
exceptional
problem solving skills.
RESPONSIBILITIES
Passionate about building predictive models and other analytic solutions
Apply statistical and machine learning methods to analyze large, complex data sets
Collaborate with investment staff to brainstorm creative uses for data in the investment process
Conduct research autonomously to learn where data exists and how it can be retrieved and analyzed in order to help build investment theses
Collaborate with data strategy team to discover new sources that can be beneficial
Collaborate with other data scientists, data analysts, quantitative researchers, and engineers to share ideas within the broader data organization
Build scripts that will improve our proprietary data evaluation process by making it more flexible or scalable across data sets
Design, develop, and deploy scripts and processes to connect various data sources (e.g. web, vendor data, and unstructured data)
Pinpoint trends, correlations and patterns in complicated data sets to provide custom solutions to management
QUALIFICATIONS & REQUIREMENTS
Bachelors or advanced degree in Computer Science, Engineering, Mathematics, Statistics or a related field
1+ years of experience in Data Science
Expertise with Python and SQL
Experience with Spark/Hive/Databricks/Snowflake and cloud technologies (AWS/Azure/Google Cloud)
Experience in building models and deploying to production
Experience with Tableau or other BI/data visualization tools a plus
Experience mentoring and managing others a plus
Ability to explain technical concepts (programming/databases/stats) to non-technical audiences
Ability to make recommendations when faced with imperfect information
Strong client service and proactive mindset
Strong oral and written communication skills, most importantly, must be a team player
Ability to build a sense of trust and rapport that creates a comfortable and effective workplace
Prior experience in the investment management industry not necessary but preferred
Job Type: Full-time"
19,Data Scientist & NLG Developer,Arria NLG,"From $120,000 a year",+1 locationRemote,,"Arria Boost is looking for talented data scientists with a passion for sports to develop models that will power our sports intelligence platform. The Arria Boost AI engine programmatically transforms complex data into compelling, personalized, scalable data stories for coaches, media, sportsbooks, and publishers.
What you
’*
ll be doing*
Statistical modeling and quantitative analysis across multiple sports, focusing on team and player evaluation
Developing predictive and descriptive models that can be used to create a narrative of team and player performance across time
Performing ad hoc analysis to discover trends and provide recommendations on team and player performance
Transferring the analytical results of your work into the NLG content feeds using Arria NLG proprietary Arria Studio Platform.
Collaborating with a team of data scientists across time-zones to deliver complex solutions
Working with NLG research team to include sports analytics functions into the Arria Studio core product
Maintaining a knowledgebase of existing and novel sports analytics research to be tested and implemented
About you
B.S., M.S., or Ph.D. in applied mathematics, statistics, computer science or related field
Experience in applied mathematical and predictive modeling (statistics and machine learning)
Expertise in mathematical and statistical programming (Python)
Proficiency with relational databases (SQL) and cloud-based computing
Experience working with sports data and a curiosity for better understanding sports via sports analytics
Experience working in agile teams is plus
Capable of working on an English-speaking team
Passion or familiarity with team sports is a bonus
About us
Boost is the sports division of Arria NLG. The Boost AI engine programmatically transforms complex data into compelling, personalized, scalable data stories for coaches, media, sportsbooks, and publishers.
ARRIA NLG is the global leader
in the field of artificial intelligence (AI) known as natural language generation (NLG). Arria owns, develops, and licenses its core, patented NLG technologies, which are available via the Arria NLG Platform. The heart of the Arria NLG Platform is the Arria NLG Engine – the world’s most advanced natural language generation engine. The key to the platform is Arria NLG Studio – the world’s first true NLG tool for developers.
Team
Our team is made up of former pro athletes experienced in sales and sports tech, and a talented technical team of engineers and data scientists. We are an integrated team that works together to solve real problems for our customers.
Benefits
Competitive salary
Flexible schedule
Remote work
Holidays, vacations and sick days
Experienced team and advisors
.
.
Affirmative Action/EEO statement
Arria is an equal opportunity employer and we value diversity at our company. We do not discriminate on the basis of race, religion, color, national origin, gender, sexual orientation, age, marital status, veteran status, or disability status. If you require any accommodation during the recruitment process, please let us know.
Job Type: Full-time
Pay: From $120,000.00 per year
Benefits:
401(k)
401(k) matching
Dental insurance
Employee assistance program
Health insurance
Life insurance
Paid time off
Referral program
Retirement plan
Vision insurance
Schedule:
Monday to Friday
COVID-19 considerations:
Arria NLG USA Inc. follows all Federal and State Covid regulations and has a vaccine mandate for all employees who report to the US Offices.
Education:
Bachelor's (Preferred)
Experience:
Python: 1 year (Preferred)
SQL: 1 year (Preferred)
Work Location: Remote"
20,Data Scientist,Central Intelligence Agency,"$72,272 - $176,300 a year","Washington, DC 20505 (Foggy Bottom area)",4.3,"Data Scientists develop algorithms and statistical methods that find patterns and relationships in large volumes of data, driving operations and shaping CIA technology investments.
Full time
Starting salary: $72,272 - $176,300*
Higher starting salary possible depending on experience level
Bachelor's degree
Foreign language bonus eligible
About the Job
As a Data Scientist for CIA, you will organize and interpret data to inform U.S. decision-makers, drive successful operations, and shape CIA technology and resource investments. Through CIA’s global mission, the Agency has access to unique and highly specialized data sets. You will work with advanced hardware, software, and techniques to develop computational algorithms and statistical methods that find patterns and relationships in large volumes of data. You will also create scalable, high performance, and repeatable computational solutions which realize their algorithmic approaches. Data Scientists clearly communicate their conclusions to a diverse audience and become experts through Agency-sponsored continuing education, attendance at academic, and technical conferences as well as collaboration with the Intelligence Community.
Who You’ll Work With
At the Central Intelligence Agency (CIA), we recognize our Nation’s strength comes from the diversity of its people. People from a broad range of backgrounds and viewpoints work at CIA, and our diverse teams are the reason we can keep our country safe.
Read more about diversity and inclusion
What You’ll Get
Our benefits support every aspect of a working professional’s life, including health and wellness, time off, family, finances, and continuing education. Our programs include highly sought-after government health benefits, flexible schedules, sick leave, and childcare. In some cases, we also offer sign-on incentives and cover moving expenses if you relocate.
As a CIA employee, you’ll also get the satisfaction of knowing your work is part of something bigger than yourself. Our work is driven by one mission: to keep our Nation safe. Every day is an opportunity to enhance U.S. national security.
Learn more about working at CIA
Minimum Qualifications
Bachelor’s degree preferably in a quantitative science, engineering, or social sciences field.
At least a 3.0 GPA on a 4-point scale
Experience in a science, technology, engineering or mathematics (STEM) related field, such as:
Computational Social Science
Computer Science
Data Analytics
Economics
Engineering
Geospatial Analysis
Mathematics
Operations Research
Quantitative Finance
Statistics
Experience with real world data through thesis research, internships, or work experience
Creativity
Initiative
Integrity
Leadership abilities
Problem solving skills
Ability to work in a diverse team environment
Ability to meet the minimum requirements for joining CIA, including U.S. citizenship and a background investigation
Desired Qualifications
Advanced degree in a data science equivalent field or sub-field
Experience working with data rich problems through research or programs
Experience with computer programming or user experience/user interface
Ability to successfully complete projects with large or incomplete data and provide solutions
What You’ll Need to Apply
Resume
Unofficial transcripts for all degrees
Cover letter in which you specify your qualifications for this position. Please address why you want to work in this role and what differentiates you from other applicants.
A writing sample, five (5) pages MAXIMUM, single spaced, technical or analytic paper that focuses on your current area of expertise or interest and is related to your interest in positions at CIA. You can excerpt longer papers."
21,Data Scientist,PepsiCo,,"Stone Mountain, GA+4 locations",3.8,"Auto req ID:
242102BR
Job Description
We are PepsiCo
PepsiCo is a global food and beverage leader operating in more than 200 countries and territories with a product portfolio that includes 22 world-famous, billion-dollar brands. From Gatorade to Quaker, LIFEWTR to Lay’s, we make hundreds of enjoyable foods and beverages that are loved throughout the world.
Guiding PepsiCo is our vision to be the global leader in convenient foods and beverages by Winning with Purpose. “Winning with Purpose” reflects our ambition to win sustainably in the marketplace and embed purpose into all aspects of the business.
Our employees drive our culture. No two days are the same; we’re dynamic and full of passionate teams embracing new ideas through our collaborative spirit. At PepsiCo, what makes you unique, makes us better!
Functional Description:
PepsiCo operates in an environment undergoing immense and rapid change, driven by eCommerce and emergent retail technologies. To ensure continued success in the food and beverage space, PepsiCo has assembled a dedicated eCommerce team – tasked with optimizing eCommerce operations and developing innovations that will give PepsiCo a sustainable competitive advantage. While tied closely to broader PepsiCo, the eCommerce group more closely resembles a start-up environment; embracing the core values of having bias for action, being results oriented, maintaining a community-focus, and prioritizing people.
PepsiCo’s Data Science and Analytics group is a team of data scientists, technology specialists, and business innovators who operate within eCommerce to build industry-leading systems and solutions. By focusing on machine learning and automation, the Data Science & Analytics group is pushing the bounds of possibility for PepsiCo and its strategic partners.
Location: New York, NY
What you can expect:
Build machine learning systems to understand the cross-channel grocery ecosystem
Perform statistical analysis across diverse datasets to drive and measure performance
Work with PepsiCo’s strategic partners to expand their technical capabilities, thereby creating a more robust data environment
Utilize natural language understanding techniques to uncover insights from contextual data
Develop scalable tools to drive automation and optimize business operations
As a Data Scientist, you will play a critical role in executing the global ecommerce growth agenda. You will be tasked with identifying, designing, and implementing data science/machine learning solutions to business problems. You will collaborate with the larger data science and analytics teams to create a robust, shared codebase; on which PepsiCo will build automated eCommerce systems. You will work with internal business stakeholders and strategic partners to identify opportunities for collaborative development and foster a data-driven culture between relevant teams.
What we’re looking for:
Work with the larger data science team to analyze large data sets and develop custom models/algorithms to uncover trends, patterns and insights
Write clean, organized machine learning code using standard software engineering methodologies
Provide critical thought leadership to enhance organizational capabilities by utilizing big and small data; work with DSA team members to identify and execute on opportunities for enhancement
Qualifications/Requirements
Minimum Qualifications - Each candidate is expected to:
Bachelor’s or Master’s Degree in Data Science or equivalent
Development experience in Python, Java, C or equivalent programming language
Experience and or familiarity NumPy, Pandas, Pytorch, PostgresSQL, MSSQL, MySQL
Experience using Tensorflow to design custom deep learning systems
Expert in mathematical models underlying data science methods, understanding the trade-offs between different solutions
Experience in designing systems to solve business problems
Demonstrated ability to effectively and concisely communicate with both business and technical audiences
All qualified applicants will receive consideration for employment without regard to race, color, religion, sex, sexual orientation, gender identity, national origin, protected veteran status, or disability status.
PepsiCo is an Equal Opportunity Employer: Female / Minority / Disability / Protected Veteran / Sexual Orientation / Gender Identity.
For San Francisco and Los Angeles area applicants: Our Company will consider for employment qualified applicants with criminal histories in a manner consistent with the requirements of the Fair Credit Reporting Act, and all other applicable laws, including but not limited to, San Francisco Police Code Sections 4901-4919, commonly referred to as the San Francisco Fair Chance Ordinance; and Chapter XVII, Article 9 of the Los Angeles Municipal Code, commonly referred to as the Fair Chance Initiative for Hiring Ordinance. Applicants with criminal histories are welcome to apply.
If you'd like more information about your EEO rights as an applicant under the law, please download the available EEO is the Law & EEO is the Law Supplement documents. View PepsiCo EEO Policy.
Please view our Pay Transparency Statement
Full Covid-19 vaccination may be a condition of employment dependent on role and country. For specific information, please discuss role requirements with the recruiter.
Relocation Eligible:
Eligible for Standard Relocation
All qualified applicants will receive consideration for employment without regard to race, color, religion, sex, sexual orientation, gender identity, national origin, protected veteran status, or disability status.
PepsiCo is an Equal Opportunity Employer: Female / Minority / Disability / Protected Veteran / Sexual Orientation / Gender Identity
Our Company will consider for employment qualified applicants with criminal histories in a manner consistent with the requirements of the Fair Credit Reporting Act, and all other applicable laws, including but not limited to, San Francisco Police Code Sections 4901 - 4919, commonly referred to as the San Francisco Fair Chance Ordinance; and Chapter XVII, Article 9 of the Los Angeles Municipal Code, commonly referred to as the Fair Chance Initiative for Hiring Ordinance.
If you'd like more information about your EEO rights as an applicant under the law, please download the available EEO is the Law & EEO is the Law Supplement documents. View PepsiCo EEO Policy
Please view our Pay Transparency Statement"
22,Data Scientist - Remote,Labcorp,,"Remote in Cumming, GA+3 locations",3.4,"Laboratory Corporation of America Holdings
(NYSE:LH), an S&P 500 company is a leading life sciences company, providing comprehensive clinical laboratory and end-to-end drug development services. With a mission to improve health and improve lives, LabCorp delivers world-class diagnostics solutions, brings innovative medicines to patients faster and uses technology to provide better care. With net revenue in excess of $10 billion, LabCorp's 61,000 employees serve clients in 60 countries.
Labcorp is seeking a Data Scientist (remote opportunity) to join our clinical laboratory cancer testing team. This position offers cutting-edge next generation sequencing (NGS) with a growing product portfolio. The Data Scientist will be part of a team responsible for a broad range of laboratory clinical and R&D based data science activities. The right candidate will gain niche experience in the field of precision oncology and make a lasting impact on the life of every patient.
Job Responsibilities
The Data Scientist will work with a group of highly driven bioinformaticians, programmers, data engineers, software engineers, and analysts focused on using high-throughput, high-dimensional data to further develop comprehensive molecular diagnostics tests.
Conduct research using existing and novel statistical methods, software tools and databases for
integrative analysis of genomic, transcriptomic, and clinical data with clinicians, pharmaceutical
partners, and academic collaborators.
Develop and implement retrospective data management plans (flow diagrams, timelines, critical
variable list, data dictionary) and procedures including (collection, organization, coding and
analytical databases).
Assess the effectiveness and accuracy of new data sources and data gathering techniques.
Act as point of contact for data requests and delivery.
Support development and documentation of data cleaning/transformation procedures, study
feasibility, and statistical analysis plans.
Provide cross functional analyses support across the organization to achieve organization goals of health technology assessments, health economic studies, reports, peer-reviewed publications, meeting abstracts/presentations, and other milestones."
23,Data Scientist I,Amazon.com Services LLC,"$92,700 - $160,000 a year",+126 locationsRemote,3.5,"M.S. or equivalent in Statistics, Mathematics, Engineering, Computer Science, or related analytical disciplines.
Deep understanding of regression modeling, forecasting techniques, time series analysis, machine-learning concepts such as supervised/unsupervised learning, in-depth knowledge of tree-based ensemble models, etc.
Excellent in using statistical, visualization, and machine-learning tools and commercial packages
Proficiency in using SQL as applied to big data: extraction, processing, filtering, and presenting large data quantities (100K to Millions of rows) via AWS technologies and data pipelines
Excellent one or more scripting languages (e.g., Python, R, Java, C++, etc.)
Familiarity with Logistics/Supply Chain, or related Businesses.
Ability to communicate technical concepts and solutions at a level appropriate for technical and non-technical audiences.
Amazon's Quantitative Business Intelligence Tools (QuBIT) team is looking for motivated individuals with strong analytical skills to evolve one of the most complex supply-chain systems in the world.
Amazon’s supply-chain comprises thousands of fixed infrastructure nodes with millions of possible connections between them. Billions of packages flow through this network on a yearly basis, making the impact of optimal improvements truly innovative. This job offers is a terrific opportunity to analyze Amazon data and understand, model, optimize, and reshape one of the world's most supply-chains.
Your main focus will be on developing predictive models for critical planning entities; analyzing large amount of data to identify and evaluate opportunities to improve customer experience, network speed, cost and efficiency; and presenting the results to non-technical audience with the aid of visualization tools. You will identify effective metrics to quantify the improvements resulting from the application of your developed tools and you will evaluate the trade-offs between potentially competing objectives.
The ideal candidate will demonstrate deep understanding of statistical and machine learning concepts, technical skills for leveraging analytical tools to solve large scale problems and aptitude to remain abreast with data science related technologies. The successful candidate will have good communication skills and ability to speak at a level appropriate for the audience; will collaborate effectively with fellow scientists, data/software engineers, and product/program managers; and will deliver business value in a close partnership with many stakeholders from operations, finance and software-engineering.
Ph.D. in Statistics, Mathematics, Engineering, Computer Science, or related analytical disciplines
2+ years industry experience in defining and building metrics, performing business analysis, and quantifying decisions through the utilization of data.
Experience in leveraging analytics to drive the generation of business value in related business sectors such as Logistics and Supply Chains, Transportation, and Engineering.
Experience in developing machine-learning algorithms, statistical and mathematical optimization models to solve large-scale business problems
Experience with ensemble models and with clustered data processing tools such as Hadoop, Spark, Map-reduce, and Hive
Experience with agile or scrum methodology
The base pay range for this position in Colorado is $ 92,700 - 160,000 a year; however, base pay offered may vary depending on job-related knowledge, skills, and experience. A sign-on bonus and restricted stock units may be provided as part of the compensation package, in addition to a full range of medical, financial, and/or other benefits, dependent on the position offered. This information is provided per the Colorado Equal Pay Act. Base pay information is based on market location. Applicants should apply via Amazon’s internal or external careers site.
Amazon is committed to a diverse and inclusive workplace. Amazon is an equal opportunity employer and does not discriminate on the basis of race, national origin, gender, gender identity, sexual orientation, protected veteran status, disability, age, or other legally protected status. For individuals with disabilities who would like to request an accommodation, please visit https://www.amazon.jobs/en/disability/us."
24,Data Scientist,Formac Inc,"$109,411 - $190,604 a year","San Francisco, CA",,"Data Scientist
SFO CA
Direct Hire
Skills: Machine Learning algorithms, TensorFlow, CI, CD, AWS
Job Type: Full-time
Pay: $109,411.00 - $190,604.00 per year
Schedule:
8 hour shift
Education:
Master's (Preferred)
Experience:
Python: 1 year (Preferred)
SQL: 1 year (Preferred)
Machine Learning algorithm: 1 year (Required)
CI/CD: 1 year (Preferred)
aws: 1 year (Preferred)
Work Location: Multiple Locations"
25,Data Scientist for NFT & Metaverse Analytics,Chainlabs,"$80,000 - $150,000 a year",Remote,,"Chainlabs is a semi-stealth startup building a data warehouse & analytics product for the NFT ecosystem. We help investors and users of the metaverses use data to support their buying decisions.
About the role:
We are looking for an experienced Data Analyst or Data Scientist with a strong interest in NFTs and blockchain games (Sandbox, Decentraland, Axie Infinity, etc) to help us produce cutting insights into the NFT trading ecosystem.
As early employee you will have a **big impact** in the design of our data product
The right person will have the ability to earn **early equity** in our company, and take senior analytics or data science positions as we grow and raise VC funding
You can be located anywhere in the world, as our startup is **fully remote**
Your responsibilities:
Formulate **meaningful hypothesis** to study purchase and user behavior in the NFT market & Metaverse
Query** our NFT transaction warehouse to **understand** NFT collection **trends**, buy and sell behavior, metaverse land evaluation, and more.
-Produce those insights into **real time graphs** to be published on our product
Constantly learn** about the changing NFT and Metaverse ecosystems
The right person has :
Strong **analytical mind** with ability to **independently** formulate & verify hypothesis using **data**
Exposure to the **crypto industry**, whether professionally or as a hobby
Strong knowledge of **SQL and Python**
Good experience in **plotting & web visualization** librairies (streamlit, dash, etc)
Ability to quickly learn and adapt to a changing environment
Detail oriented, able to **get things done fast**
Excellent written communication skills in english
Bonus: Experience in NFT, Metaverses and/or play to earn games*
Read more about our startup [here] https://bit.ly/3tR1qSX
Job Type: Full-time
Pay: $80,000.00 - $150,000.00 per year
Education:
Master's (Preferred)
Experience:
Python: 5 years (Preferred)
SQL: 5 years (Preferred)
Work Location: Remote"
